dataset,AE,AE-1SVM,ALAD,AnoGAN,DAGMM,DeepSVDD,DIF,DROCC,DTE-Cat,DTE-DDPM,DTE-Gaussian,DTE-IG,DTE-NP,GANomaly,GOAD,ICL,LUNAR,MCM,MO_GAAL,PlanarFlow,SLAD,SO_GAAL,VAE,CBLOF,CD,ECOD,FB,GMM,HBOS,IForest,KDE,LMDD,LODA,MCD,OCSVM,QMCD,Sampling,ABOD,COF,INNE,KNN,KPCA,LOF,PCA,KCM-iso-LOO,KCM-mahal-LOO,KCM-iso-adapt,KCM-isonorm-LOO,TCCM,KCM-oracle
ALOI,0.559,0.552,0.509,0.535,0.507,0.548,0.55,0.5,0.533,0.533,0.565,0.572,0.7,0.547,0.506,0.529,0.734,0.562,0.542,0.506,0.549,0.544,0.555,0.557,0.517,0.531,0.765,0.561,0.53,0.542,0.563,0.513,0.486,0.52,0.551,0.526,0.553,0.728,,0.558,0.671,,0.731,0.549,0.6095271490873477,0.5652023778758876,0.5674998682742691,0.6207723720965246,0.5671366887669488,0.6284373511872051
Cardiotocography,0.74,0.756,0.557,0.742,,0.799,0.635,0.44,0.738,0.574,0.756,0.733,0.765,0.679,0.273,0.69,0.808,0.773,0.599,0.73,0.582,0.568,0.832,0.718,0.621,0.785,0.787,0.759,0.699,0.801,0.771,0.713,0.757,0.676,0.821,0.575,0.729,0.408,0.497,0.641,0.462,0.525,0.481,0.695,0.8057783657652402,0.7424861452560523,0.8494385182715947,0.7943974228092837,0.794319034126422,0.8567909079544981
Hepatitis,0.831,,0.466,0.729,,0.764,0.707,0.477,0.81,0.695,0.776,0.767,0.831,0.725,0.833,0.7,0.763,0.786,0.59,0.625,0.776,0.535,0.833,0.832,0.574,0.739,0.837,0.814,0.814,0.79,0.814,0.755,0.667,0.816,0.837,0.611,0.817,0.624,0.715,0.637,0.783,0.6,0.805,0.622,0.8153846153846154,0.8049773755656109,0.8294117647058823,0.532579185520362,0.8122171945701357,0.8529411764705882
InternetAds,0.883,0.882,0.373,0.595,,0.683,0.55,0.492,0.85,0.695,0.868,0.809,0.795,0.772,0.651,,0.856,,0.453,0.796,0.853,0.423,0.881,0.697,0.5,0.678,0.746,0.881,0.403,0.419,0.841,0.561,0.575,,0.705,0.5,0.707,0.528,0.266,0.548,0.561,0.505,0.223,0.493,0.8558116123415139,0.8810660064210698,0.7019511481743483,0.8015226233879306,0.8835181204766828,0.9024221853403712
Ionosphere,0.948,0.934,0.542,0.778,,0.85,0.933,0.687,0.941,0.843,0.972,0.965,0.978,0.908,0.932,0.962,0.976,0.676,0.686,0.941,0.957,0.703,0.91,0.961,0.919,0.732,0.95,0.964,0.685,0.9,0.975,0.769,0.852,0.958,0.965,0.536,0.962,0.924,0.849,0.871,0.913,0.606,0.835,0.753,0.9720887765135553,0.9636044388256778,0.9694479561736198,0.891150442477876,0.9737041719342605,0.9752774266048602
Lymphography,0.985,0.979,0.608,0.991,,0.97,0.899,0.434,0.986,0.971,0.981,0.977,0.99,0.97,0.981,0.97,0.987,0.992,0.17,0.973,0.989,0.259,0.993,0.991,0.957,0.994,0.989,0.984,0.993,0.995,0.989,0.957,0.642,0.983,0.99,0.086,0.991,0.969,0.991,0.973,0.991,0.604,0.99,0.996,0.9901408450704224,0.9859154929577464,0.9901408450704224,0.9258215962441314,0.9877934272300468,1.0
PageBlocks,0.95,0.964,0.581,0.859,0.765,0.926,0.935,0.947,0.962,0.875,0.959,0.924,0.962,0.751,0.784,0.931,0.938,0.96,0.642,0.901,0.873,0.811,0.951,0.954,0.876,0.914,0.971,0.959,0.772,0.929,0.95,0.731,0.871,0.922,0.944,0.77,0.944,0.819,0.579,0.948,0.891,0.187,0.702,0.897,0.9675022080904434,0.966108621990975,0.9763241316182493,0.8381970740794269,0.9600534759358288,0.9793202293202292
Pima,0.698,0.668,0.528,0.695,,0.686,0.604,0.429,0.651,0.569,0.66,0.62,0.742,0.594,0.385,0.651,0.727,0.721,0.363,0.71,0.558,0.425,0.681,0.71,0.676,0.595,0.706,0.72,0.727,0.731,0.754,0.599,0.654,0.719,0.701,0.741,0.721,0.638,0.568,0.665,0.681,0.536,0.596,0.607,0.706910447761194,0.6838029850746269,0.698868656716418,0.5648746268656717,0.7197253731343283,0.7275820895522388
SpamBase,0.816,0.813,0.54,0.825,0.633,0.796,0.5,0.777,0.848,0.784,0.784,0.744,0.851,0.825,0.405,0.843,0.83,0.82,0.431,0.837,0.851,0.398,0.812,0.811,0.491,0.66,0.757,0.797,0.772,0.819,0.857,0.661,0.681,0.799,0.811,0.696,0.806,0.47,0.365,0.688,0.64,0.59,0.352,0.469,0.8611274040455064,0.8394230479263577,0.8072530363914627,0.7410002846028,0.7844977231775997,0.8642746209693835
Stamps,0.926,0.944,0.597,0.741,,0.951,0.935,0.352,0.905,0.76,0.822,0.782,0.949,0.885,0.609,0.864,0.941,0.921,0.628,0.902,0.621,0.757,0.933,0.935,0.746,0.884,0.921,0.924,0.926,0.938,0.955,0.914,0.911,0.855,0.936,0.887,0.931,0.653,0.434,0.742,0.706,0.516,0.447,0.885,0.9360249739854318,0.9277003121748179,0.9274089490114464,0.6366701352757544,0.9314047866805412,0.9548387096774194
WBC,0.979,0.975,0.588,0.991,,0.98,0.762,0.377,0.92,0.906,0.962,0.806,0.981,0.924,0.893,0.935,0.978,0.978,0.024,0.959,0.987,0.064,0.986,0.979,0.971,0.993,0.709,0.978,0.988,0.994,0.982,0.99,0.97,0.986,0.985,0.354,0.978,0.942,0.901,0.876,0.978,0.529,0.921,0.993,0.9829906542056076,0.9702803738317757,0.9809345794392523,0.8448598130841122,0.9762616822429907,0.9953271028037384
WDBC,0.993,0.98,0.615,0.99,,0.987,0.758,0.332,0.97,0.88,0.992,0.986,0.991,0.916,0.989,0.984,0.994,0.955,0.045,0.981,0.979,0.155,0.988,0.989,0.942,0.971,0.994,0.99,0.987,0.991,0.993,0.992,0.974,0.975,0.992,0.453,0.988,0.881,0.942,0.952,0.974,0.645,0.975,0.981,0.9921787709497207,0.9884916201117319,0.9954189944134079,0.9880446927374301,0.9959776536312848,0.998882681564246
WPBC,0.516,0.495,0.488,0.535,,0.499,0.471,0.474,0.548,0.537,0.487,0.506,0.561,0.545,0.564,0.511,0.564,0.495,0.482,0.502,0.542,0.499,0.509,0.527,0.465,0.5,0.543,0.508,0.578,0.549,0.558,0.495,0.543,0.515,0.528,0.556,0.556,0.446,0.484,0.501,0.512,0.507,0.52,0.48,0.5458006718924973,0.5173012318029115,0.5269316909294514,0.5237402015677491,0.531578947368421,0.5685890257558791
Waveform,0.687,0.686,0.51,0.684,0.492,0.59,0.722,0.68,0.62,0.523,0.588,0.676,0.755,0.752,0.456,0.692,0.76,0.793,0.458,0.63,0.477,0.443,0.699,0.726,0.552,0.607,0.778,0.583,0.705,0.723,0.772,0.592,0.618,0.583,0.702,0.747,0.7,0.612,0.65,0.722,0.704,0.514,0.671,0.63,0.7696555023923445,0.6746285885167465,0.7305610047846891,0.7392739234449761,0.6887775119617225,0.7810047846889951
Wilt,0.55,0.459,0.468,0.377,0.574,0.353,0.361,0.486,0.863,0.506,0.642,0.951,0.661,0.446,0.597,0.75,0.512,0.562,0.484,0.76,0.653,0.426,0.446,0.416,0.619,0.389,0.742,0.722,0.346,0.467,0.346,0.413,0.329,0.859,0.322,0.345,0.43,0.545,0.603,0.323,0.503,0.593,0.54,0.429,0.6198875160563408,0.7991027213472144,0.4390247979843641,0.7968666892976491,0.7812502878626857,0.9180354715062852
annthyroid,0.856,0.86,0.575,0.806,0.602,0.857,0.778,0.876,0.982,0.771,0.956,0.909,0.939,0.67,0.654,0.794,0.886,0.89,0.681,0.946,0.933,0.723,0.875,0.888,0.624,0.788,0.923,0.834,0.71,0.912,0.88,0.748,0.736,0.921,0.875,0.759,0.876,0.824,0.517,0.855,0.875,0.16,0.539,0.645,0.927467859145465,0.9054357121105369,0.783160226134973,0.7039279770673696,0.9300041240079064,0.9510451045104512
backdoor,0.935,0.919,0.488,0.58,0.451,0.551,0.926,0.5,0.918,0.606,0.925,0.938,0.951,0.795,0.495,,0.954,,0.859,,0.5,0.77,0.911,0.714,0.744,0.846,0.95,0.928,0.713,0.746,0.905,,0.411,0.851,0.626,0.567,0.678,0.668,,0.606,0.666,,0.664,0.5,0.9345969408625237,0.929627812019557,0.7655818658614847,0.9184806530099678,0.9701982243521379,0.9418180353375164
breastw,0.983,0.984,0.649,0.994,,0.986,0.777,0.383,0.938,0.96,0.929,0.689,0.987,0.951,0.721,0.965,0.989,0.986,0.04,0.971,0.99,0.23,0.99,0.989,0.976,0.991,0.581,0.985,0.991,0.995,0.989,0.628,0.981,0.989,0.989,0.474,0.986,0.432,0.327,0.667,0.972,0.606,0.353,0.749,0.9888499378039126,0.9816238832975234,0.985412190433111,0.7543329940819481,0.9809755362056617,0.9932149722944704
campaign,0.815,0.79,0.527,0.758,0.602,0.731,0.676,0.59,0.787,0.708,0.701,0.717,0.785,0.682,0.393,0.811,0.731,0.785,0.65,0.687,0.763,0.696,0.781,0.772,0.768,0.77,0.675,0.799,0.775,0.738,0.775,0.699,0.584,0.791,0.776,0.805,0.74,0.706,,0.738,0.736,,0.631,0.5,0.7901181669630019,0.7972894835629479,0.7697072268035328,0.6058520430324505,0.7508866727400055,0.8065768375457123
cardio,0.93,0.958,0.56,0.907,,0.938,0.951,0.516,0.908,0.73,0.934,0.848,0.945,0.883,0.166,0.879,0.958,0.947,0.796,0.909,0.839,0.794,0.971,0.955,0.856,0.937,0.92,0.946,0.844,0.94,0.956,0.865,0.883,0.87,0.965,0.722,0.928,0.506,0.507,0.885,0.668,0.603,0.506,0.846,0.9646217610891524,0.9382397342995169,0.9763230127360562,0.8843187307861221,0.956550559947299,0.9779109025032938
celeba,0.73,0.764,0.511,0.697,0.585,0.736,0.653,0.5,0.801,0.664,0.656,0.775,0.663,0.368,,0.713,0.629,0.777,0.665,,0.622,0.544,0.767,0.781,0.708,0.757,0.534,0.807,0.761,0.718,0.675,0.688,0.661,0.799,0.79,0.5,0.787,0.478,,0.755,0.589,,0.443,0.771,0.7210309114536305,0.7047405352501076,0.7771199752579346,0.4695157644340859,0.7459344306041393,0.7804809841922342
census,0.721,0.705,0.407,0.685,0.512,0.693,0.579,0.5,0.693,0.637,0.493,0.66,0.722,0.695,,,0.674,,0.59,,0.616,0.573,0.706,0.708,0.658,,0.582,0.706,0.624,0.624,0.723,,0.483,,0.702,0.681,0.707,0.434,,0.689,0.682,,0.585,0.5,0.7053207230290638,0.7087555828979556,0.7044645963461106,0.5703245251829909,0.661871367755287,0.7200136810500877
cover,0.978,0.984,0.521,0.759,0.813,0.874,0.978,0.5,0.979,0.703,0.98,0.982,0.989,0.659,,0.9,0.993,0.826,0.633,,0.83,0.549,0.975,0.943,0.744,0.92,0.989,0.95,0.72,0.843,0.956,0.893,0.94,0.702,0.963,0.82,0.911,0.61,,0.951,0.627,,0.503,0.923,0.9776458176610825,0.9844817262478376,0.9894056878982067,0.9300713775331223,0.9105180989582118,0.9910615670295788
donors,0.93,0.452,0.547,0.64,0.708,0.836,0.89,0.5,0.973,0.814,0.999,0.875,0.999,0.761,,1.0,1.0,0.998,0.065,,,0.306,0.813,0.929,0.504,0.889,0.99,0.925,0.797,0.891,0.975,0.725,0.646,0.822,0.921,0.724,0.857,0.441,,0.594,0.592,,0.546,0.746,0.9882049236800301,0.9348120423358302,0.948719989550171,0.9782501511223669,0.9053257938886429,0.9905364135490908
fault,0.737,0.633,0.501,0.528,,0.542,0.718,0.621,0.695,0.618,0.701,0.671,0.811,0.613,0.665,0.781,0.807,0.7,0.469,0.511,0.799,0.467,0.618,0.741,0.623,0.465,0.651,0.69,0.569,0.651,0.815,0.512,0.51,0.63,0.604,0.62,0.692,0.656,0.524,0.544,0.677,0.561,0.554,0.471,0.8048818558083068,0.7357966823067297,0.6804636708368293,0.6895695154705377,0.7706798036945548,0.8181830965449679
fraud,0.959,0.955,0.569,0.954,0.752,0.939,0.95,0.5,0.949,0.94,0.948,0.941,0.963,0.912,,0.937,0.965,0.957,0.775,,0.947,0.598,0.955,0.951,0.949,0.95,0.821,0.957,0.951,0.949,0.959,0.942,0.816,0.922,0.956,0.955,0.95,0.849,,0.954,0.921,,0.487,0.951,0.9581009284642292,0.958878203995394,0.9561242288867409,0.9120966328316472,0.9407776652841445,0.9625842572737972
glass,0.748,0.763,0.501,0.694,,0.67,0.872,0.757,0.805,0.683,0.546,0.658,0.879,0.761,0.611,0.919,0.89,0.833,0.625,0.829,0.844,0.626,0.724,0.864,0.784,0.715,0.753,0.77,0.828,0.806,0.85,0.647,0.623,0.79,0.687,0.857,0.855,0.796,0.752,0.736,0.851,0.412,0.725,0.638,0.881984897518878,0.7825242718446601,0.6455231930960086,0.7887810140237324,0.8688241639697949,0.895361380798274
http,0.999,0.862,0.634,0.999,0.988,0.998,0.993,0.5,0.995,0.982,0.761,1.0,1.0,0.493,,0.999,0.997,0.997,0.133,,,0.736,0.999,0.999,0.994,0.979,0.897,0.999,0.993,0.992,1.0,0.999,0.179,0.999,1.0,0.997,0.999,0.731,,0.997,0.193,,0.397,0.995,0.9994700742784403,0.9993577198348212,0.9995868785297425,0.9994775583659454,0.998729859299603,0.9999805320913864
landsat,0.57,0.586,0.485,0.437,0.508,0.433,0.577,0.588,0.575,0.521,0.46,0.492,0.774,0.618,0.539,0.741,0.783,0.554,0.523,0.474,0.71,0.454,0.581,0.68,0.458,0.367,0.751,0.495,0.697,0.611,0.739,0.397,0.424,0.613,0.461,0.683,0.63,0.456,0.52,0.467,0.53,0.478,0.521,0.343,0.7483276640406672,0.5751115356259684,0.6154538928734536,0.7068245011076367,0.722936771041055,0.7616559177034556
letter,0.802,0.615,0.507,0.501,,0.507,0.667,0.649,0.88,0.642,0.868,0.846,0.903,0.751,0.764,0.925,0.927,0.86,0.385,0.73,0.909,0.389,0.615,0.779,0.761,0.572,0.87,0.842,0.599,0.621,0.919,0.519,0.541,0.812,0.615,0.612,0.729,0.852,0.853,0.696,0.864,0.517,0.841,0.52,0.9300026666666668,0.9492933333333333,0.6573253333333333,0.924296,0.8853066666666667,0.9527066666666668
magic.gamma,0.826,0.673,0.537,0.676,0.606,0.677,0.765,0.784,0.874,0.698,0.862,0.852,0.839,0.578,0.634,0.764,0.853,0.844,0.441,0.749,0.725,0.504,0.708,0.756,0.738,0.637,0.84,0.804,0.745,0.77,0.763,0.628,0.705,0.738,0.743,0.71,0.759,0.758,0.619,0.695,0.771,0.53,0.661,0.642,0.8396726453293024,0.8609100933774814,0.7878024937456061,0.804615278142057,0.8454429227380589,0.8711609267793595
mammography,0.884,0.69,0.513,0.884,0.857,0.852,0.827,0.814,0.859,0.742,0.861,0.869,0.876,0.853,0.681,0.76,0.881,0.848,0.71,0.812,0.765,0.784,0.797,0.844,0.823,0.906,0.845,0.878,0.844,0.877,0.878,0.85,0.9,0.723,0.885,0.721,0.864,0.514,0.69,0.822,0.823,0.43,0.664,0.885,0.8676781539588203,0.8497357969749035,0.8573036785623749,0.7754724248655043,0.8311037799622566,0.8840541644368083
mnist,0.936,0.93,0.542,0.871,0.762,0.811,0.882,0.852,0.902,0.815,0.859,0.793,0.944,0.791,0.44,0.913,0.934,0.928,0.686,0.809,0.912,0.681,0.935,0.913,0.605,0.747,0.929,0.926,0.611,0.864,0.945,0.722,0.728,0.891,0.91,0.639,0.904,0.766,0.594,0.863,0.844,0.546,0.61,0.5,0.9518321469955305,0.9252967223969542,0.915305371627214,0.8655853749379242,0.9207138718755173,0.9532486343320642
musk,1.0,1.0,0.512,0.962,0.899,0.987,0.999,0.281,1.0,1.0,1.0,1.0,1.0,1.0,0.942,1.0,1.0,1.0,0.893,0.875,1.0,0.889,1.0,1.0,0.671,0.954,1.0,1.0,1.0,0.931,1.0,1.0,1.0,0.999,1.0,0.036,1.0,0.056,0.449,0.997,0.499,0.557,0.623,0.999,1.0,1.0,1.0,1.0,1.0,1.0
optdigits,0.87,0.682,0.479,0.547,0.613,0.542,0.626,0.859,0.849,0.618,0.883,0.868,0.961,0.724,0.802,0.981,0.997,0.852,0.245,0.429,0.942,0.26,0.686,0.835,0.383,0.609,0.975,0.813,0.899,0.809,0.973,0.475,0.498,0.652,0.626,0.133,0.814,0.45,0.512,0.506,0.292,0.498,0.544,0.5,0.9621534412422686,0.8211196210027636,0.689398078694565,0.9831567311488353,0.8903071456770629,0.9871114620344784
pendigits,0.977,0.955,0.552,0.704,0.688,0.871,0.982,0.774,0.972,0.83,0.993,0.979,0.999,0.631,0.262,0.966,0.999,0.976,0.779,0.821,0.923,0.748,0.947,0.959,0.552,0.929,0.997,0.847,0.937,0.971,0.999,0.896,0.93,0.833,0.966,0.909,0.959,0.575,0.52,0.854,0.64,0.54,0.497,0.929,0.9989138654018012,0.9895327788089183,0.9966056384286948,0.9837488447408018,0.9947205609404002,0.9994175966025832
satellite,0.796,0.769,0.504,0.641,0.689,0.675,0.778,0.728,0.809,0.772,0.795,0.755,0.878,0.813,0.725,0.886,0.878,0.767,0.69,0.69,0.881,0.65,0.762,0.852,0.577,0.584,0.846,0.802,0.867,0.798,0.875,0.521,0.694,0.809,0.756,0.859,0.819,0.503,0.516,0.669,0.629,0.512,0.527,0.577,0.8599335149133773,0.8142900071441328,0.8001979371316306,0.829264757099482,0.8616343096981603,0.8661495356313629
satimage-2,0.999,0.987,0.532,0.927,0.787,0.974,0.997,0.818,0.988,0.975,0.995,0.974,0.999,0.982,0.992,0.997,0.998,0.988,0.935,0.959,0.998,0.892,0.985,0.998,0.922,0.965,0.997,0.995,0.977,0.994,0.999,0.553,0.986,0.996,0.997,0.995,0.999,0.727,0.56,0.996,0.906,0.601,0.534,0.976,0.9989001700362679,0.9829187265954415,0.9984716393265384,0.964489940339876,0.9956429434948841,0.999410278839822
shuttle,0.998,0.996,0.659,0.992,0.979,0.993,0.991,0.5,0.997,0.997,1.0,1.0,0.999,0.974,0.989,1.0,1.0,0.998,0.02,0.853,0.999,0.072,0.996,0.997,0.76,0.993,0.873,0.994,0.988,0.997,0.997,0.984,0.683,0.99,0.996,0.72,0.997,0.496,,0.942,0.499,,0.551,0.988,0.9988562798971532,0.9969295114677598,0.99914638230521,0.9965545668699122,0.9980945695762751,0.999337954510236
skin,0.831,0.603,0.528,0.607,0.836,0.618,0.834,0.92,0.92,0.851,0.991,0.984,0.998,0.436,,0.074,0.991,0.691,0.534,,0.929,0.383,0.628,0.924,0.734,0.489,0.852,0.888,0.77,0.89,0.891,0.42,0.742,0.884,0.903,0.624,0.906,0.494,,0.461,0.537,,0.539,0.336,0.9606257790573999,0.7519060616245018,0.6480079253330105,0.6616925039194419,0.663940520771973,0.976012125484524
smtp,0.923,0.796,0.613,0.889,0.854,0.808,0.847,0.5,0.95,0.842,0.899,0.857,0.933,0.504,0.906,0.697,0.935,0.845,0.587,,0.922,0.551,0.837,0.892,0.784,0.88,0.829,0.815,0.795,0.907,0.881,0.795,0.735,0.95,0.854,0.723,0.912,0.874,,0.918,0.897,,0.87,0.807,0.9334976066830659,0.9040040928172459,0.8482367947073705,0.8646086243508609,0.841269894666022,0.9528239738171828
speech,0.476,0.471,0.472,0.486,0.498,0.514,0.476,0.527,0.523,0.521,0.531,0.445,0.567,0.492,0.504,0.565,0.57,0.472,0.458,0.493,0.511,0.457,0.471,0.473,0.482,0.471,0.496,0.527,0.476,0.468,0.531,0.489,0.474,0.526,0.468,0.413,0.483,0.557,0.416,0.474,0.469,0.489,0.482,0.47,0.6421907353991664,0.5607533930718942,0.4712323564782581,0.7106218295913846,0.563952510556726,0.7150904668469071
thyroid,0.98,0.99,0.594,0.928,0.737,0.985,0.984,0.921,0.993,0.881,0.945,0.887,0.987,0.944,0.565,0.94,0.98,0.978,0.816,0.987,0.944,0.95,0.989,0.984,0.903,0.978,0.958,0.977,0.981,0.99,0.985,0.959,0.942,0.986,0.984,0.827,0.98,0.915,0.438,0.97,0.97,0.166,0.565,0.946,0.9776238896680691,0.968664095371669,0.9833473585787751,0.7227758298270219,0.9801110331930809,0.988008415147265
vertebral,0.457,0.53,0.48,0.566,,0.418,0.541,0.435,0.527,0.418,0.518,0.616,0.45,0.457,0.449,0.505,0.45,0.462,0.612,0.581,0.479,0.594,0.487,0.487,0.455,0.416,0.411,0.489,0.362,0.426,0.412,0.387,0.386,0.469,0.502,0.402,0.448,0.332,0.41,0.361,0.319,0.489,0.351,0.344,0.5328888888888889,0.5703492063492064,0.5199365079365079,0.6191746031746032,0.5105396825396825,0.673015873015873
vowels,0.934,0.709,0.502,0.522,,0.576,0.814,0.519,0.978,0.734,0.964,0.984,0.981,0.7,0.831,0.985,0.984,0.964,0.125,0.86,0.966,0.151,0.636,0.901,0.878,0.59,0.953,0.947,0.698,0.772,0.963,0.539,0.727,0.739,0.823,0.709,0.867,0.91,0.879,0.864,0.952,0.461,0.892,0.591,0.988688477951636,0.9907027027027026,0.9203015647226174,0.9614964438122332,0.972307254623044,0.9961877667140824
wine,0.94,0.942,0.483,0.828,,0.825,0.665,0.427,0.957,0.629,0.896,0.925,0.972,0.646,0.963,0.906,0.978,0.776,0.153,0.903,0.977,0.106,0.935,0.965,0.325,0.74,0.961,0.982,0.933,0.934,0.973,0.875,0.913,0.983,0.962,0.494,0.958,0.332,0.454,0.711,0.442,0.694,0.939,0.7,0.9709999999999999,0.9826666666666668,0.9553333333333333,0.8826666666666666,0.9326666666666666,0.99
yeast,0.461,0.447,0.481,0.422,,0.43,0.402,0.503,0.468,0.493,0.474,0.516,0.46,0.489,0.592,0.501,0.457,0.424,0.495,0.471,0.513,0.497,0.459,0.503,0.413,0.446,0.475,0.445,0.417,0.421,0.424,0.481,0.467,0.461,0.454,0.406,0.467,0.397,0.441,0.382,0.383,0.494,0.434,0.392,0.4735196008438104,0.4657962351213885,0.45342545871097073,0.5008216260693844,0.44826256539328746,0.5139337616921383
