dataset,seed,n_train_full,n_train_ref,n_test,D,anom_frac,auroc_iso_loo,t_iso_loo_s,auroc_iso_trim_loo,t_iso_trim_loo_s,auroc_trim_isonorm_blend,t_trim_isonorm_blend_s,wallclock_s
10_cover,0,141650,2000,144398,10,0.0190238091940331,0.9801951913496736,12.195282459259031,0.9749052476854952,12.163738489151,0.9749052476854952,13.274085521697998,37.93654751777649
10_cover,1,141650,2000,144398,10,0.0190238091940331,0.9611696067553984,12.194416522979736,0.9611696067553984,12.176552295684814,0.9611695964756688,13.18019700050354,37.79415512084961
10_cover,2,141650,2000,144398,10,0.0190238091940331,0.9753057922058512,12.201131582260132,0.9753057922058512,12.172995328903198,0.9753057922058512,13.14116644859314,37.76976132392883
11_donors,0,291308,2000,328018,10,0.1119145900529849,0.9897739663331658,25.004761457443237,0.9786723976981648,41.407957553863525,0.983233198334588,44.70606970787048,111.73909878730774
11_donors,1,291308,2000,328018,10,0.1119145900529849,0.9885401486969508,24.927045583724976,0.9797499138547618,40.89074635505676,0.9842414092943914,43.98212742805481,110.3373246192932
11_donors,2,291308,2000,328018,10,0.1119145900529849,0.9890875853541812,24.90560507774353,0.9788468011516244,40.88446545600891,0.9832750505402292,44.1624071598053,110.50931477546692
12_fault,0,634,634,1307,27,0.5149196633511859,0.8068772528487258,0.597679615020752,0.8122161234830623,0.5924603939056396,0.8121950304910917,0.6396019458770752,1.8715579509735107
12_fault,1,634,634,1307,27,0.5149196633511859,0.8004392029661435,0.5946800708770752,0.8046062407132244,0.593604564666748,0.8045992097159008,0.6068217754364014,1.8014819622039795
12_fault,2,634,634,1307,27,0.5149196633511859,0.7919363835362166,0.5867452621459961,0.7919363835362166,0.5888168811798096,0.7919387272019913,0.6050403118133545,1.7867937088012695
13_fraud,0,142157,2000,142650,29,0.0034490010515247,0.9554877219518828,29.24027991294861,0.95448863322466,29.266796112060547,0.954796489466604,30.034125804901123,89.58967471122742
13_fraud,1,142157,2000,142650,29,0.0034490010515247,0.9565033244242036,29.160812616348267,0.9547961749190784,29.149697065353394,0.9556725186232152,29.79811668395996,89.05007743835449
13_fraud,2,142157,2000,142650,29,0.0034490010515247,0.9551696429153546,29.174712419509888,0.9551681702610298,29.207717657089233,0.9562597645560298,29.870995044708252,89.16259479522705
14_glass,0,102,102,112,7,0.0803571428571428,0.8727076591154261,0.0084180831909179,0.9039913700107876,0.0078456401824951,0.9039913700107876,0.1328799724578857,0.2489206790924072
14_glass,1,102,102,112,7,0.0803571428571428,0.8770226537216828,0.0073621273040771,0.8942826321467098,0.007436990737915,0.8942826321467098,0.0095105171203613,0.0273804664611816
14_glass,2,102,102,112,7,0.0803571428571428,0.895361380798274,0.0072922706604003,0.90722761596548,0.0072944164276123,0.90722761596548,0.0093827247619628,0.026822805404663
15_Hepatitis,0,33,33,47,19,0.2765957446808511,0.8257918552036199,0.0057294368743896,0.8257918552036199,0.0048801898956298,0.7330316742081449,0.0433065891265869,0.0868966579437255
15_Hepatitis,1,33,33,47,19,0.2765957446808511,0.83710407239819,0.0044419765472412,0.83710407239819,0.004390001296997,0.7669683257918553,0.0062148571014404,0.0190021991729736
15_Hepatitis,2,33,33,47,19,0.2765957446808511,0.7669683257918553,0.0039649009704589,0.7669683257918553,0.0037903785705566,0.7669683257918553,0.0051171779632568,0.0158243179321289
16_http,0,282643,2000,284855,3,0.0077618437450632,0.9995368498770648,12.408323287963867,0.999490839620911,18.523846864700317,0.9994978564530062,22.26620054244995,53.68926501274109
16_http,1,282643,2000,284855,3,0.0077618437450632,0.9995244724092752,11.940897941589355,0.9994763675047263,18.64222002029419,0.9994771643992264,22.0011248588562,53.01720976829529
16_http,2,282643,2000,284855,3,0.0077618437450632,0.9995169283146544,12.10557770729065,0.9994824186223018,18.26241970062256,0.9994837819839768,21.72175693511963,52.506285190582275
17_InternetAds,0,799,799,1167,1555,0.3153384747215081,0.8417400146922784,51.64584708213806,0.8314622217989879,51.509103298187256,0.8317206970669859,51.173025131225586,154.49415636062622
17_InternetAds,1,799,799,1167,1555,0.3153384747215081,0.8344346873809654,50.828327894210815,0.823548117211732,50.82702875137329,0.8242045083528323,50.92985200881958,152.7079222202301
17_InternetAds,2,799,799,1167,1555,0.3153384747215081,0.8888131223812376,50.95104002952576,0.8831436714371225,50.95709681510925,0.8831844833215432,51.068769454956055,153.10360670089722
18_Ionosphere,0,112,112,239,32,0.5271966527196653,0.9735917966006462,0.0249147415161132,0.9735215620171372,0.0241405963897705,0.9735215620171372,0.0596768856048584,0.1321308612823486
18_Ionosphere,1,112,112,239,32,0.5271966527196653,0.9753476611883692,0.0238904953002929,0.9748560191038068,0.0237665176391601,0.9748560191038068,0.0259773731231689,0.0774660110473632
18_Ionosphere,2,112,112,239,32,0.5271966527196653,0.971906166596432,0.0234363079071044,0.971906166596432,0.0238845348358154,0.971906166596432,0.0260565280914306,0.0770325660705566
19_landsat,0,2551,2000,3884,36,0.3432028836251287,0.7493891308969932,7.669205904006958,0.7668875274483067,7.861898899078369,0.7668481212815944,7.981653928756714,23.5483181476593
19_landsat,1,2551,2000,3884,36,0.3432028836251287,0.7531233063067806,7.731522560119629,0.7615050567816397,7.760958433151245,0.7615050567816397,7.856823682785034,23.364803791046143
19_landsat,2,2551,2000,3884,36,0.3432028836251287,0.746703335967273,7.6378014087677,0.7582461079793663,7.659049510955811,0.7582499309656894,7.757336139678955,23.069403648376465
1_ALOI,0,24013,2000,25521,27,0.0590885937071431,0.6224704655446912,9.24263882637024,0.6451406847374118,9.935952425003052,0.645378094822864,10.399807453155518,29.719334840774536
1_ALOI,1,24013,2000,25521,27,0.0590885937071431,0.5901923041022983,9.241186618804932,0.6346828491772969,9.703856468200684,0.6349591142110136,10.035366535186768,29.07839012145996
1_ALOI,2,24013,2000,25521,27,0.0590885937071431,0.5993481537023325,9.185530424118042,0.6431934360046575,9.879617929458618,0.6434643436396797,10.34391474723816,29.508044719696045
20_letter,0,750,750,850,32,0.1176470588235294,0.9353066666666668,0.9148440361022948,0.9353066666666668,0.9132735729217528,0.9466533333333332,0.9438073635101318,2.792677640914917
20_letter,1,750,750,850,32,0.1176470588235294,0.9285733333333333,0.9183201789855956,0.9285733333333333,0.9169957637786864,0.9496133333333334,0.92334246635437,2.7634754180908203
20_letter,2,750,750,850,32,0.1176470588235294,0.9223866666666668,0.9121639728546144,0.9223866666666668,0.910017728805542,0.9349733333333332,0.9229669570922852,2.74983549118042
21_Lymphography,0,71,71,77,18,0.0779220779220779,0.9859154929577464,0.0078210830688476,0.9859154929577464,0.0073721408843994,0.9859154929577464,0.02769136428833,0.0600104331970214
21_Lymphography,1,71,71,77,18,0.0779220779220779,0.9812206572769951,0.006972312927246,0.9812206572769951,0.0070157051086425,0.9812206572769951,0.0086226463317871,0.0256571769714355
21_Lymphography,2,71,71,77,18,0.0779220779220779,1.0,0.0068330764770507,1.0,0.0069384574890136,1.0,0.0086185932159423,0.0252351760864257
22_magic.gamma,0,6166,2000,12854,10,0.5203049634355065,0.835670526711539,3.190178155899048,0.8322050511991209,3.23254656791687,0.8322179276073296,3.437585830688477,9.966976642608644
22_magic.gamma,1,6166,2000,12854,10,0.5203049634355065,0.8370940366758904,3.1941068172454834,0.8348429204295202,3.2291080951690674,0.8348616894313158,3.3919787406921387,9.838860273361206
22_magic.gamma,2,6166,2000,12854,10,0.5203049634355065,0.8413992916472026,3.146517276763916,0.8379668437580993,3.1925971508026123,0.8379544523370172,3.375380516052246,9.739314079284668
23_mammography,0,5461,2000,5722,6,0.0454386578119538,0.8507164887474299,1.8469579219818115,0.8745222234740726,1.864895582199097,0.874594752556122,2.135695695877075,5.877427339553833
23_mammography,1,5461,2000,5722,6,0.0454386578119538,0.8876932935244909,1.8381695747375488,0.8902937779905925,1.8784425258636477,0.8903226487902429,2.0394368171691895,5.768163442611694
23_mammography,2,5461,2000,5722,6,0.0454386578119538,0.8136858152832155,1.8187570571899416,0.8719238515055066,1.8366873264312744,0.871961172295299,1.9381232261657717,5.606189489364624
24_mnist,0,3451,2000,4152,100,0.1685934489402697,0.9540059592782651,20.36268615722656,0.9540059592782651,20.337825775146484,0.9540063731170336,20.476499795913696,61.24147391319275
24_mnist,1,3451,2000,4152,100,0.1685934489402697,0.9472521105777189,20.471344232559204,0.9472521105777189,20.472009897232056,0.947266181095845,20.51957964897156,61.4992241859436
24_mnist,2,3451,2000,4152,100,0.1685934489402697,0.9531981460023174,20.53830361366272,0.9535544611819236,20.55716300010681,0.953584671412018,20.60576343536377,61.73859190940857
25_musk,0,1482,1482,1580,166,0.0613924050632911,1.0,18.53407621383667,1.0,18.60968780517578,1.0,18.744040966033936,55.96162414550781
25_musk,1,1482,1482,1580,166,0.0613924050632911,1.0,18.551201820373535,1.0,18.499926328659058,1.0,18.558242082595825,55.64315223693848
25_musk,2,1482,1482,1580,166,0.0613924050632911,1.0,18.472423315048218,1.0,18.475454807281498,1.0,18.5250027179718,55.504488706588745
26_optdigits,0,2533,2000,2683,64,0.0559075661572866,0.966140281616002,13.139147520065308,0.9594367679957888,13.129289627075195,0.9594367679957888,13.232025623321531,39.63106942176819
26_optdigits,1,2533,2000,2683,64,0.0559075661572866,0.9634530859323596,12.987783908843994,0.9634530859323596,12.962419986724854,0.9634530859323596,12.995566606521606,38.96492052078247
26_optdigits,2,2533,2000,2683,64,0.0559075661572866,0.9583787340439532,12.923316240310667,0.9583787340439532,12.900904655456545,0.9583787340439532,12.933001279830933,38.779080390930176
27_PageBlocks,0,2441,2000,2952,10,0.1727642276422764,0.9680710121886592,2.5139737129211426,0.9542539866069278,2.5656559467315674,0.9550143726614316,2.66774582862854,7.775882959365845
27_PageBlocks,1,2441,2000,2952,10,0.1727642276422764,0.9722463104816046,2.459404945373535,0.9528616852146264,2.5405936241149902,0.9533362239244592,2.596608877182007,7.604950189590454
27_PageBlocks,2,2441,2000,2952,10,0.1727642276422764,0.975979990685873,2.467865467071533,0.9532149796855678,2.534487247467041,0.9542555924908868,2.595702886581421,7.606998920440674
28_pendigits,0,3357,2000,3513,16,0.0444064901793339,0.9983578133712182,3.600383996963501,0.9983578133712182,3.593172788619995,0.9983616324098898,3.7690114974975586,11.013285875320436
28_pendigits,1,3357,2000,3513,16,0.0444064901793339,0.9986805221389672,3.6692724227905273,0.998986045232694,3.662177085876465,0.9989822261940224,3.747528076171875,11.092897653579712
28_pendigits,2,3357,2000,3513,16,0.0444064901793339,0.9992132780336532,3.543760299682617,0.9992132780336532,3.542858123779297,0.9992132780336532,3.628978967666626,10.730536222457886
29_Pima,0,250,250,518,8,0.5173745173745173,0.7042985074626866,0.0380933284759521,0.7042985074626866,0.0363869667053222,0.7042985074626866,0.079941987991333,0.1797089576721191
29_Pima,1,250,250,518,8,0.5173745173745173,0.6942835820895521,0.0361688137054443,0.6942835820895521,0.0361239910125732,0.6942835820895521,0.0393967628479003,0.1150152683258056
29_Pima,2,250,250,518,8,0.5173745173745173,0.7056268656716418,0.0352082252502441,0.7056268656716418,0.0354700088500976,0.7056268656716418,0.0395665168762207,0.1135008335113525
2_annthyroid,0,3333,2000,3867,6,0.1380915438324282,0.9232631128281368,1.749760627746582,0.9230046600165634,1.7417140007019043,0.9228276760260294,1.8320271968841553,5.355379104614258
2_annthyroid,1,3333,2000,3867,6,0.1380915438324282,0.9484942876310104,1.675499677658081,0.9357300898629188,1.694545030593872,0.9357615536834584,1.7643508911132812,5.14259147644043
2_annthyroid,2,3333,2000,3867,6,0.1380915438324282,0.917299033274114,1.70011568069458,0.926925838651281,1.7140533924102783,0.9269084211791966,1.782601833343506,5.20504903793335
30_satellite,0,2199,2000,4236,36,0.4806421152030217,0.8624573584568673,7.797101736068726,0.871213163064833,7.9702723026275635,0.8711990980532237,8.101340532302856,23.89181113243103
30_satellite,1,2199,2000,4236,36,0.4806421152030217,0.8694307019110555,7.756830453872681,0.8757516967315593,7.96250057220459,0.8757612966601179,8.074503660202026,23.80433249473572
30_satellite,2,2199,2000,4236,36,0.4806421152030217,0.868787283443472,7.794697046279907,0.8751417663868548,7.997641801834106,0.8750296928022862,8.10662055015564,23.910576581954956
31_satimage-2,0,2866,2000,2937,36,0.024174327545114,0.9988697011096588,7.482009649276733,0.998628898302586,7.4932451248168945,0.9986583843605948,7.603466510772705,22.608824729919434
31_satimage-2,1,2866,2000,2937,36,0.024174327545114,0.9975870575862712,7.449434757232666,0.9979900337123928,7.492835760116577,0.99811289228743,7.579653978347778,22.536160945892338
31_satimage-2,2,2866,2000,2937,36,0.024174327545114,0.9989876453416944,7.531092643737793,0.9988549580806542,7.575554132461548,0.998894272824666,7.6647748947143555,22.78586268424988
32_shuttle,0,22793,2000,26304,9,0.1334777980535279,0.998642919833915,3.82711410522461,0.9988813916658292,4.918871879577637,0.9988796297433654,5.438203573226929,14.240790605545044
32_shuttle,1,22793,2000,26304,9,0.1334777980535279,0.998608880991422,3.973926782608032,0.9986279872286364,4.919022083282471,0.9986279372450204,5.254852533340454,14.186511993408203
32_shuttle,2,22793,2000,26304,9,0.1334777980535279,0.999150878331469,4.581684827804565,0.9991535899426368,4.874213457107544,0.9991523778399488,5.20779013633728,14.703532695770264
33_skin,0,97099,2000,147958,3,0.343739439570689,0.9749495428494792,6.74422812461853,0.986730841110352,12.340871810913086,0.9867632567429712,14.010628461837769,33.27040457725525
33_skin,1,97099,2000,147958,3,0.343739439570689,0.9754758881404484,6.716277837753296,0.9901517829213226,12.302973747253418,0.9901148269131748,13.92010235786438,33.070943117141724
33_skin,2,97099,2000,147958,3,0.343739439570689,0.946776074290722,6.520045042037964,0.9885192727968912,11.950127363204956,0.988518082117732,13.578692197799684,32.17798852920532
34_smtp,0,47563,2000,47593,3,0.0006303447986048,0.9434420312708056,2.7987022399902344,0.914206420957467,3.817339181900024,0.914206420957467,4.383538484573364,11.08983564376831
34_smtp,1,47563,2000,47593,3,0.0006303447986048,0.9224158834948736,2.7795448303222656,0.8873360945833246,3.803955316543579,0.8873360945833246,4.3600828647613525,11.007437229156494
34_smtp,2,47563,2000,47593,3,0.0006303447986048,0.919597866689093,2.8020219802856445,0.906512064700152,3.872331142425537,0.906512064700152,4.4451820850372314,11.187083959579468
35_SpamBase,0,1264,1264,2943,57,0.5705062861026163,0.8647839845899835,4.783952236175537,0.8670231112551926,4.8611931800842285,0.8679937764341341,4.92777681350708,14.616745710372925
35_SpamBase,1,1264,1264,2943,57,0.5705062861026163,0.8561158503026967,4.765361070632935,0.8620651796955693,4.826275825500488,0.8621405711657781,4.8682334423065186,14.473550796508787
35_SpamBase,2,1264,1264,2943,57,0.5705062861026163,0.8642835737064709,4.762218952178955,0.8659073174960985,4.848806142807007,0.8671182929863316,4.894970655441284,14.519550561904907
36_speech,0,1812,1812,1874,400,0.0325506937033084,0.6239997106507645,74.12407755851746,0.6239997106507645,74.04305100440979,0.6895463546517411,74.07101535797119,222.41900324821472
36_speech,1,1812,1812,1874,400,0.0325506937033084,0.6129140180662428,74.12915587425232,0.6129140180662428,74.13595199584961,0.6832710931071587,74.16347575187683,222.56667518615723
36_speech,2,1812,1812,1874,400,0.0325506937033084,0.628394202164694,73.84202766418457,0.628394202164694,73.83598017692566,0.6861826697892272,73.87009406089783,221.68258380889893
37_Stamps,0,154,154,186,9,0.1666666666666666,0.8971904266389178,0.0169177055358886,0.959417273673257,0.0160388946533203,0.959417273673257,0.0946404933929443,0.1525371074676513
37_Stamps,1,154,154,186,9,0.1666666666666666,0.951092611862643,0.0155079364776611,0.951092611862643,0.0156598091125488,0.9508844953173776,0.1208271980285644,0.1552381515502929
37_Stamps,2,154,154,186,9,0.1666666666666666,0.946930280957336,0.0154130458831787,0.9490114464099896,0.0154273509979248,0.9490114464099896,0.0653614997863769,0.0995590686798095
38_thyroid,0,1839,1839,1933,6,0.0481117434040351,0.97346306685367,1.4068684577941897,0.9853202431042544,1.3780488967895508,0.9853377746610568,1.437610149383545,4.2487473487854
38_thyroid,1,1839,1839,1933,6,0.0481117434040351,0.9740240766713416,1.398123025894165,0.9854897148200096,1.399963140487671,0.9852501168770452,1.4481444358825684,4.2519378662109375
38_thyroid,2,1839,1839,1933,6,0.0481117434040351,0.979832865825152,1.389571189880371,0.9877454417952314,1.394939422607422,0.9878155680224404,1.435999870300293,4.226229906082153
39_vertebral,0,105,105,135,6,0.2222222222222222,0.5666666666666667,0.0079259872436523,0.5504761904761905,0.0073564052581787,0.5504761904761905,0.0640621185302734,0.1129133701324462
39_vertebral,1,105,105,135,6,0.2222222222222222,0.5593650793650794,0.0073375701904296,0.527936507936508,0.006953477859497,0.527936507936508,0.0087049007415771,0.0258867740631103
39_vertebral,2,105,105,135,6,0.2222222222222222,0.525079365079365,0.006885290145874,0.525079365079365,0.0070126056671142,0.5495238095238095,0.008756399154663,0.0253658294677734
3_backdoor,0,46500,2000,48829,196,0.0476970652685903,0.944812393523456,82.19939875602722,0.9329616107332972,84.49491453170776,0.9329790717322956,85.49030542373657,253.14856123924255
3_backdoor,1,46500,2000,48829,196,0.0476970652685903,0.919920183566716,82.88193345069885,0.9320098062300032,85.32380080223083,0.9322331241891624,86.3031063079834,255.4333062171936
3_backdoor,2,46500,2000,48829,196,0.0476970652685903,0.9428524864148626,83.1892478466034,0.9317579190847518,84.96436595916748,0.93182052382997,85.93707966804504,255.00584387779236
40_vowels,0,703,703,753,12,0.0664010624169986,0.9952773826458036,0.3296988010406494,0.9952773826458036,0.3310708999633789,0.9922332859174964,0.3591532707214355,1.060065507888794
40_vowels,1,703,703,753,12,0.0664010624169986,0.9897297297297296,0.3279132843017578,0.9897297297297296,0.3289904594421386,0.987908961593172,0.3347282409667969,0.9964323043823242
40_vowels,2,703,703,753,12,0.0664010624169986,0.9809672830725462,0.3246335983276367,0.9809672830725462,0.3304131031036377,0.9813371266002844,0.3360674381256103,0.9957668781280518
41_Waveform,0,1671,1671,1772,21,0.0564334085778781,0.7602511961722488,3.117786407470703,0.7602511961722488,3.0982742309570312,0.7516806220095693,3.2363743782043457,9.486990213394163
41_Waveform,1,1671,1671,1772,21,0.0564334085778781,0.7814413875598086,3.085465669631958,0.7814413875598086,3.0807623863220215,0.7770753588516747,3.0958499908447266,9.270069122314451
41_Waveform,2,1671,1671,1772,21,0.0564334085778781,0.7699043062200956,3.086422920227051,0.7699043062200956,3.0751309394836426,0.7580562200956937,3.0977954864501953,9.268913269042969
42_WBC,0,106,106,117,9,0.0854700854700854,0.9803738317757008,0.0096137523651123,0.977570093457944,0.0090880393981933,0.9803738317757008,0.0395295619964599,0.0738887786865234
42_WBC,1,106,106,117,9,0.0854700854700854,0.991588785046729,0.0085959434509277,0.9934579439252336,0.0087296962738037,0.9925233644859812,0.0104472637176513,0.0305864810943603
42_WBC,2,106,106,117,9,0.0854700854700854,0.9953271028037384,0.0085866451263427,0.9934579439252336,0.0086784362792968,0.9934579439252336,0.0104391574859619,0.0302991867065429
43_WDBC,0,178,178,189,30,0.0529100529100529,0.9944134078212292,0.0515785217285156,0.993854748603352,0.0511846542358398,0.993854748603352,0.068899393081665,0.1944713592529297
43_WDBC,1,178,178,189,30,0.0529100529100529,0.9899441340782124,0.0505838394165039,0.9899441340782124,0.050786018371582,0.9899441340782124,0.053542137145996,0.1587147712707519
43_WDBC,2,178,178,189,30,0.0529100529100529,0.9955307262569832,0.0504109859466552,0.993854748603352,0.0506079196929931,0.993854748603352,0.0534775257110595,0.158205509185791
44_Wilt,0,2281,2000,2538,5,0.1012608353033884,0.5777365719520247,1.493069410324097,0.7657556843284996,1.48036789894104,0.7657556843284996,1.5567851066589355,4.572838306427002
44_Wilt,1,2281,2000,2538,5,0.1012608353033884,0.6888524215435582,1.5287952423095703,0.784129426475179,1.532259464263916,0.784129426475179,1.5909864902496338,4.6590564250946045
44_Wilt,2,2281,2000,2538,5,0.1012608353033884,0.5680541505961103,1.511193037033081,0.7873517827016275,1.5149383544921875,0.7873517827016275,1.5733025074005127,4.6064958572387695
45_wine,0,59,59,70,13,0.1428571428571428,0.9783333333333334,0.005563735961914,0.9783333333333334,0.0053393840789794,0.9766666666666668,0.0214323997497558,0.0732951164245605
45_wine,1,59,59,70,13,0.1428571428571428,0.9766666666666668,0.0049784183502197,0.9766666666666668,0.005002737045288,0.9383333333333334,0.0064239501953125,0.0193514823913574
45_wine,2,59,59,70,13,0.1428571428571428,0.9716666666666668,0.0048115253448486,0.9716666666666668,0.0048885345458984,0.95,0.006237506866455,0.0186364650726318
46_WPBC,0,75,75,123,33,0.3821138211382114,0.5215565509518477,0.0128445625305175,0.5215565509518477,0.0118923187255859,0.5212765957446809,0.0921211242675781,0.1444923877716064
46_WPBC,1,75,75,123,33,0.3821138211382114,0.5523516237402015,0.0113866329193115,0.5523516237402015,0.0114686489105224,0.5271556550951848,0.0134203433990478,0.0397264957427978
46_WPBC,2,75,75,123,33,0.3821138211382114,0.5674692049272116,0.0115485191345214,0.5674692049272116,0.011521577835083,0.538073908174692,0.0134012699127197,0.0398054122924804
47_yeast,0,488,488,996,8,0.5090361445783133,0.4829765693380606,0.1290855407714843,0.4810969534895915,0.1265709400177002,0.4811009869999959,0.140355110168457,0.4237806797027588
47_yeast,1,488,488,996,8,0.5090361445783133,0.4511360382054106,0.1256773471832275,0.4477478894656809,0.1253516674041748,0.4477478894656809,0.1331746578216552,0.3880155086517334
47_yeast,2,488,488,996,8,0.5090361445783133,0.4829564017860384,0.1251275539398193,0.4735986576477374,0.1251540184020996,0.4736067246685463,0.1335945129394531,0.387667179107666
4_breastw,0,222,222,461,9,0.5184381778741866,0.9879942704210488,0.032698631286621,0.9915375626672696,0.0336518287658691,0.9910663801877192,0.0670571327209472,0.1532096862792968
4_breastw,1,222,222,461,9,0.5184381778741866,0.9928945682083756,0.0313801765441894,0.9921029816427306,0.0332639217376709,0.9932715141920162,0.0368447303771972,0.1046144962310791
4_breastw,2,222,222,461,9,0.5184381778741866,0.993045346601832,0.0315237045288085,0.99451543593803,0.0338654518127441,0.9949300765200348,0.0372180938720703,0.105583906173706
5_campaign,0,18274,2000,22914,62,0.2024962904774373,0.7915278750099067,19.11304998397827,0.7884541066448281,19.08733105659485,0.7884552860102728,19.22319197654724,57.565356969833374
5_campaign,1,18274,2000,22914,62,0.2024962904774373,0.7881017122499274,19.040019035339355,0.784710340770569,19.041163682937626,0.7847114493740871,19.18715739250183,57.374582052230835
5_campaign,2,18274,2000,22914,62,0.2024962904774373,0.7959057856838244,18.97112250328064,0.7918904355349413,18.969956398010257,0.7918906832016848,19.103647470474243,57.15206217765808
6_cardio,0,827,827,1004,21,0.1752988047808765,0.961421277997365,0.7615516185760498,0.961421277997365,0.7533557415008545,0.9614144158981116,0.786189079284668,2.3158912658691406
6_cardio,1,827,827,1004,21,0.1752988047808765,0.9665953008344312,0.7539091110229492,0.9636445981554678,0.7471461296081543,0.9636445981554678,0.762474536895752,2.26891565322876
6_cardio,2,827,827,1004,21,0.1752988047808765,0.9610850351339482,0.7472927570343018,0.9610850351339482,0.7443375587463379,0.9611605182257356,0.7580959796905518,2.25492525100708
7_Cardiotocography,0,824,824,1290,21,0.3612403100775194,0.7989629776240676,0.7716536521911621,0.7989629776240676,0.7621808052062988,0.7989629776240676,1.0880906581878662,2.651432514190674
7_Cardiotocography,1,824,824,1290,21,0.3612403100775194,0.8189586024417683,0.7631375789642334,0.8189586024417683,0.7566659450531006,0.8190028751197966,0.7713990211486816,2.2970242500305176
7_Cardiotocography,2,824,824,1290,21,0.3612403100775194,0.8126692778865785,0.7568323612213135,0.8126692778865785,0.7561070919036865,0.8126692778865785,0.8004870414733887,2.3191616535186768
8_celeba,0,99026,2000,103573,39,0.0439014028752667,0.740746272920813,29.64386415481567,0.740746272920813,29.638785123825073,0.700158029419877,29.962026119232178,89.68004846572876
8_celeba,1,99026,2000,103573,39,0.0439014028752667,0.7279433616568105,29.608882665634155,0.7279433616568105,29.60108518600464,0.6871676722435528,29.872174978256226,89.47113251686096
8_celeba,2,99026,2000,103573,39,0.0439014028752667,0.75244851535282,29.57151746749878,0.75244851535282,29.559659004211422,0.7500795276230201,29.822943925857544,89.30465197563171
9_census,0,140358,2000,158927,500,0.1168335147583481,0.697019223815066,497.67420768737793,0.7066353800856553,496.889616727829,0.706353795415651,503.1617603302002,1504.5038266181946
9_census,1,140358,2000,158927,500,0.1168335147583481,0.6999593834041108,496.8996889591217,0.708657848427507,496.8376395702362,0.7083988035923356,502.8652260303498,1503.2759404182434
9_census,2,140358,2000,158927,500,0.1168335147583481,0.7091749115018622,497.104665517807,0.7151258304016187,497.1457269191742,0.7150526763725364,503.38009428977966,1504.2994554042816
